pot_id,plant_num,plant_species,above_biomass_g,below_biomass_g,date,notes,,,,,,,,,,,,,,,,,,,
001_X_CnCn_AUS,1,Chamaecrista nictitans,0.581,0.206,8/18/2020,,,,,,,,,,,,,,,,,,,,
001_X_CnCn_AUS,2,Chamaecrista nictitans,1.171,0.438,8/18/2020,,,,,,,,,,,,,,,,,,,,
002_X_CnCn_AUS,1,Chamaecrista nictitans,1.6,0.778,8/18/2020,,,,,,,,,,,,,,,,,,,,
002_X_CnCn_AUS,2,Chamaecrista nictitans,0.397,0.139,8/18/2020,,,,,,,,,,,,,,,,,,,,
003_X_CnCn_AUS,1,Chamaecrista nictitans,0.038,0.022,8/15/2020,,,,,,,,,,,,,,,,,,,,
003_X_CnCn_AUS,2,Chamaecrista nictitans,1.372,0.635,8/15/2020,,,,,,,,,,,,,,,,,,,,
004_X_CnCn_AUS,1,Chamaecrista nictitans,0.713,0.232,8/18/2020,,,,,,,,,,,,,,,,,,,,
004_X_CnCn_AUS,2,Chamaecrista nictitans,0.251,0.139,8/18/2020,,,,,,,,,,,,,,,,,,,,
005_X_CnCn_AUS,1,Chamaecrista nictitans,0.484,0.534,8/18/2020,,,,,,,,,,,,,,,,,,,,
005_X_CnCn_AUS,2,Chamaecrista nictitans,1.008,0.629,8/18/2020,,,,,,,,,,,,,,,,,,,,
006_X_EpEp_AUS,1,Eutrochium fistulosum,,,,,,,,,,,,,,,,,,,,,,,
006_X_EpEp_AUS,2,Eutrochium fistulosum,0.108,0.139,8/18/2020,,,,,,,,,,,,,,,,,,,,
007_X_EpEp_AUS,1,Eutrochium fistulosum,0.15,0.193,8/18/2020,,,,,,,,,,,,,,,,,,,,
007_X_EpEp_AUS,2,Eutrochium fistulosum,,,,,,,,,,,,,,,,,,,,,,,
008_X_EpEp_AUS,1,Eutrochium fistulosum,0.064,0.185,8/16/2020,,,,,,,,,,,,,,,,,,,,
008_X_EpEp_AUS,2,Eutrochium fistulosum,0.043,0.069,8/16/2020,,,,,,,,,,,,,,,,,,,,
009_X_EpEp_AUS,1,Eutrochium fistulosum,1.382,2.115,8/18/2020,below bag is dated 8/19/2020,,,,,,,,,,,,,,,,,,,
009_X_EpEp_AUS,2,Eutrochium fistulosum,0.852,0.831,08/19/2020,,,,,,,,,,,,,,,,,,,,
010_X_EpEp_AUS,1,Eutrochium fistulosum,0.457,0.355,8/20/2020,,,,,,,,,,,,,,,,,,,,
010_X_EpEp_AUS,2,Eutrochium fistulosum,0.346,0.583,8/19/2020,,,,,,,,,,,,,,,,,,,,
011_X_EvEv_AUS,1,Elymus virginicus,0.139,0.428,8/18/2020,,,,,,,,,,,,,,,,,,,,
011_X_EvEv_AUS,2,Elymus virginicus,0.079,0.285,8/19/2020,,,,,,,,,,,,,,,,,,,,
012_X_EvEv_AUS,1,Elymus virginicus,0.097,0.603,8/18/2020,,,,,,,,,,,,,,,,,,,,
012_X_EvEv_AUS,2,Elymus virginicus,0.053,0.655,8/18/2020,,,,,,,,,,,,,,,,,,,,
013_X_EvEv_AUS,1,Elymus virginicus,0.13,0.232,8/15/2020,,,,,,,,,,,,,,,,,,,,
013_X_EvEv_AUS,2,Elymus virginicus,0.141,0.256,8/15/2020,,,,,,,,,,,,,,,,,,,,
014_X_EvEv_AUS,1,Elymus virginicus,0.014,0.206,8/18/2020,,,,,,,,,,,,,,,,,,,,
014_X_EvEv_AUS,2,Elymus virginicus,0.068,0.399,8/19/2020,,,,,,,,,,,,,,,,,,,,
015_X_EvEv_AUS,1,Elymus virginicus,0.315,0.389,8/17/2020,,,,,,,,,,,,,,,,,,,,
015_X_EvEv_AUS,2,Elymus virginicus,0.077,0.306,8/17/2020,,,,,,,,,,,,,,,,,,,,
016_X_CnEp_AUS,1,Chamaecrista nictitans,1.14,0.696,8/17/2020,,,,,,,,,,,,,,,,,,,,
016_X_CnEp_AUS,2,Eutrochium fistulosum,1.509,1.278,8/17/2020,,,,,,,,,,,,,,,,,,,,
017_X_CnEp_AUS,1,Chamaecrista nictitans,0.171,0.185,8/19/2020,,,,,,,,,,,,,,,,,,,,
017_X_CnEp_AUS,2,Eutrochium fistulosum,0.117,0.037,8/19/2020,,,,,,,,,,,,,,,,,,,,
018_X_CnEp_AUS,1,Chamaecrista nictitans,0.192,0.076,8/15/2020,,,,,,,,,,,,,,,,,,,,
018_X_CnEp_AUS,2,Eutrochium fistulosum,0.127,0.053,8/15/2020,,,,,,,,,,,,,,,,,,,,
019_X_CnEp_AUS,1,Chamaecrista nictitans,0.024,0.052,8/19/2020,,,,,,,,,,,,,,,,,,,,
020_X_CnEp_AUS,1,Chamaecrista nictitans,1.174,0.514,8/18/2020,date on below bag is 8/19/2020,,,,,,,,,,,,,,,,,,,
020_X_CnEp_AUS,2,Eutrochium fistulosum,0.625,0.427,8/18/2020,date on below bag is 8/19/2020,,,,,,,,,,,,,,,,,,,
021_X_CnEv_AUS,1,Chamaecrista nictitans,1.547,0.705,8/18/2020,,,,,,,,,,,,,,,,,,,,
021_X_CnEv_AUS,2,Elymus virginicus,0.175,0.604,8/18/2020,,,,,,,,,,,,,,,,,,,,
022_X_CnEv_AUS,1,Chamaecrista nictitans,2.495,0.874,8/20/2020,,,,,,,,,,,,,,,,,,,,
022_X_CnEv_AUS,2,Elymus virginicus,0.219,0.25,8/18/2020,,,,,,,,,,,,,,,,,,,,
023_X_CnEv_AUS,1,Chamaecrista nictitans,0.392,0.095,8/15/2020,,,,,,,,,,,,,,,,,,,,
023_X_CnEv_AUS,2,Elymus virginicus,0.284,0.411,8/15/2020,,,,,,,,,,,,,,,,,,,,
024_X_CnEv_AUS,1,Chamaecrista nictitans,0.477,0.127,8/17/2020,,,,,,,,,,,,,,,,,,,,
024_X_CnEv_AUS,2,Elymus virginicus,0.076,0.336,8/17/2020,,,,,,,,,,,,,,,,,,,,
025_X_CnEv_AUS,1,Chamaecrista nictitans,0.441,0.132,8/15/2020,,,,,,,,,,,,,,,,,,,,
025_X_CnEv_AUS,2,Elymus virginicus,0.276,0.391,8/15/2020,,,,,,,,,,,,,,,,,,,,
026_X_EpEv_AUS,1,Eutrochium fistulosum,,,,dead,,,,,,,,,,,,,,,,,,,
026_X_EpEv_AUS,2,Elymus virginicus,0.311,0.494,8/18/2020,,,,,,,,,,,,,,,,,,,,
027_X_EpEv_AUS,1,Eutrochium fistulosum,0.498,0.322,8/17/2020,,,,,,,,,,,,,,,,,,,,
027_X_EpEv_AUS,2,Elymus virginicus,0.184,0.362,8/17/2020,,,,,,,,,,,,,,,,,,,,
028_X_EpEv_AUS,1,Eutrochium fistulosum,3.646,5.532,8/16/2020,,,,,,,,,,,,,,,,,,,,
028_X_EpEv_AUS,2,Elymus virginicus,0.148,0.3,8/16/2020,,,,,,,,,,,,,,,,,,,,
029_X_EpEv_AUS,1,Eutrochium fistulosum,1.027,0.914,8/20/20,,,,,,,,,,,,,,,,,,,,
029_X_EpEv_AUS,2,Elymus virginicus,0.232,0.348,8/20/2020,,,,,,,,,,,,,,,,,,,,
030_X_EpEv_AUS,1,Eutrochium fistulosum,0.223,0.366,8/18/2020,,,,,,,,,,,,,,,,,,,,
030_X_EpEv_AUS,2,Elymus virginicus,0.192,0.373,8/18/2020,,,,,,,,,,,,,,,,,,,,
031_N_CnCn_AUS,1,Chamaecrista nictitans,0.717,0.256,8/15/2020,,,,,,,,,,,,,,,,,,,,
031_N_CnCn_AUS,2,Chamaecrista nictitans,0.074,0.036,8/15/2020,,,,,,,,,,,,,,,,,,,,
032_N_CnCn_AUS,1,Chamaecrista nictitans,1.22,0.416,08/19/2020,below not in same bag?,,,,,,,,,,,,,,,,,,,
032_N_CnCn_AUS,2,Chamaecrista nictitans,2.257,0.715,8/19/2020,below not in same bag; 167 nodules,,,,,,,,,,,,,,,,,,,
033_N_CnCn_AUS,1,Chamaecrista nictitans,0.839,0.337,08/15/2020,,,,,,,,,,,,,,,,,,,,
033_N_CnCn_AUS,2,Chamaecrista nictitans,0.17,0.025,8/18/2020,,,,,,,,,,,,,,,,,,,,
034_N_CnCn_AUS,1,Chamaecrista nictitans,0.309,0.133,08/19/2020,,,,,,,,,,,,,,,,,,,,
034_N_CnCn_AUS,2,Chamaecrista nictitans,0.495,0.159,8/19/2020,,,,,,,,,,,,,,,,,,,,
035_N_CnCn_AUS,1,Chamaecrista nictitans,0.724,0.242,8/19/2020,,,,,,,,,,,,,,,,,,,,
035_N_CnCn_AUS,2,Chamaecrista nictitans,0.685,0.217,8/18/2020,,,,,,,,,,,,,,,,,,,,
036_N_EpEp_AUS,1,Eutrochium fistulosum,0.312,0.715,8/19/2020,"check abg with plant height, below biomass in separate bag",,,,,,,,,,,,,,,,,,,
036_N_EpEp_AUS,2,Eutrochium fistulosum,,,,,,,,,,,,,,,,,,,,,,,
037_N_EpEp_AUS,1,Eutrochium fistulosum,0.1312,1.362,8/18/2020,,,,,,,,,,,,,,,,,,,,
037_N_EpEp_AUS,2,Eutrochium fistulosum,,,,dead,,,,,,,,,,,,,,,,,,,
038_N_EpEp_AUS,1,Eutrochium fistulosum,3.049,6.335,8/15/2020,,,,,,,,,,,,,,,,,,,,
038_N_EpEp_AUS,2,Eutrochium fistulosum,,,,,,,,,,,,,,,,,,,,,,,
039_N_EpEp_AUS,1,Eutrochium fistulosum,0.157,0.198,08/19/2020,,,,,,,,,,,,,,,,,,,,
039_N_EpEp_AUS,2,Eutrochium fistulosum,0.813,1.366,8/19/2020,below not in same bag,,,,,,,,,,,,,,,,,,,
040_N_EpEp_AUS,1,Eutrochium fistulosum,0.028,0.057,8/18/2020,,,,,,,,,,,,,,,,,,,,
040_N_EpEp_AUS,2,Eutrochium fistulosum,0.781,0.728,8/16/2020,,,,,,,,,,,,,,,,,,,,
041_N_EvEv_AUS,1,Elymus virginicus,0.202,0.842,8/19/2020,below not in same bag?,,,,,,,,,,,,,,,,,,,
041_N_EvEv_AUS,2,Elymus virginicus,0.159,0.747,8/19/2020,,,,,,,,,,,,,,,,,,,,
042_N_EvEv_AUS,1,Elymus virginicus,0.236,0.985,8/19/2020,,,,,,,,,,,,,,,,,,,,
042_N_EvEv_AUS,2,Elymus virginicus,0.161,2.337,8/19/2020,,,,,,,,,,,,,,,,,,,,
043_N_EvEv_AUS,1,Elymus virginicus,0.105,0.196,08/15/2020,,,,,,,,,,,,,,,,,,,,
043_N_EvEv_AUS,2,Elymus virginicus,0.089,0.133,8/15/2020,,,,,,,,,,,,,,,,,,,,
044_N_EvEv_AUS,1,Elymus virginicus,0.254,0.625,8/20/2020,,,,,,,,,,,,,,,,,,,,
044_N_EvEv_AUS,2,Elymus virginicus,0.192,0.372,8/20/2020,,,,,,,,,,,,,,,,,,,,
045_N_EvEv_AUS,1,Elymus virginicus,0.019,0.174,8/16/2020,,,,,,,,,,,,,,,,,,,,
045_N_EvEv_AUS,2,Elymus virginicus,0.096,0.152,8/16/2020,,,,,,,,,,,,,,,,,,,,
046_N_CnEp_AUS,1,Chamaecrista nictitans,,,,dead,,,,,,,,,,,,,,,,,,,
046_N_CnEp_AUS,2,Eutrochium fistulosum,0.417,1.802,8/19/2020,,,,,,,,,,,,,,,,,,,,
047_N_CnEp_AUS,1,Chamaecrista nictitans,0.052,0.052,8/19/2020,,,,,,,,,,,,,,,,,,,,
047_N_CnEp_AUS,2,Eutrochium fistulosum,,,,dead,,,,,,,,,,,,,,,,,,,
048_N_CnEp_AUS,1,Chamaecrista nictitans,0.561,0.227,8/15/2020,,,,,,,,,,,,,,,,,,,,
048_N_CnEp_AUS,2,Eutrochium fistulosum,0.154,0.635,8/15/2020,below not in same bag,,,,,,,,,,,,,,,,,,,
049_N_CnEp_AUS,1,Chamaecrista nictitans,0.235,0.084,8/18/2020,,,,,,,,,,,,,,,,,,,,
049_N_CnEp_AUS,2,Eutrochium fistulosum,0.393,0.467,,,,,,,,,,,,,,,,,,,,,
050_N_CnEp_AUS,1,Chamaecrista nictitans,1.473,0.824,08/18/2020,,,,,,,,,,,,,,,,,,,,
050_N_CnEp_AUS,2,Eutrochium fistulosum,,,,,,,,,,,,,,,,,,,,,,,
051_N_CnEv_AUS,1,Chamaecrista nictitans,0.008,0.002,8/20/2020,,,,,,,,,,,,,,,,,,,,
051_N_CnEv_AUS,2,Elymus virginicus,0.33,0.424,8/20/2020,,,,,,,,,,,,,,,,,,,,
052_N_CnEv_AUS,1,Chamaecrista nictitans,,,,dead,,,,,,,,,,,,,,,,,,,
052_N_CnEv_AUS,2,Elymus virginicus,0.131,0.427,8/18/2020,,,,,,,,,,,,,,,,,,,,
053_N_CnEv_AUS,1,Chamaecrista nictitans,0.498,0.132,8/16/2020,,,,,,,,,,,,,,,,,,,,
053_N_CnEv_AUS,2,Elymus virginicus,0.047,0.264,8/16/2020,,,,,,,,,,,,,,,,,,,,
054_N_CnEv_AUS,1,Chamaecrista nictitans,0.327,0.169,8/19/2020,above in separate bag; 30 nodules,,,,,,,,,,,,,,,,,,,
054_N_CnEv_AUS,2,Elymus virginicus,0.061,,8/27/2020,below not in same bag,,,,,,,,,,,,,,,,,,,
055_N_CnEv_AUS,1,Chamaecrista nictitans,0.193,0.14,8/18/2020,,,,,,,,,,,,,,,,,,,,
055_N_CnEv_AUS,2,Elymus virginicus,0.106,0.345,8/18/2020,,,,,,,,,,,,,,,,,,,,
056_N_EpEv_AUS,1,Eutrochium fistulosum,1.407,0.613,08/19/2020,,,,,,,,,,,,,,,,,,,,
056_N_EpEv_AUS,2,Elymus virginicus,0.16,0.307,8/19/2020,,,,,,,,,,,,,,,,,,,,
057_N_EpEv_AUS,1,Eutrochium fistulosum,0.439,0.664,8/19/2020,,,,,,,,,,,,,,,,,,,,
057_N_EpEv_AUS,2,Elymus virginicus,0.086,0.229,08/19/2020,,,,,,,,,,,,,,,,,,,,
058_N_EpEv_AUS,1,Eutrochium fistulosum,3.176,3.199,8/16/2020,,,,,,,,,,,,,,,,,,,,
058_N_EpEv_AUS,2,Elymus virginicus,0.099,0.246,8/16/2020,,,,,,,,,,,,,,,,,,,,
059_N_EpEv_AUS,1,Eutrochium fistulosum,0.266,0.325,8/16/2020,,,,,,,,,,,,,,,,,,,,
059_N_EpEv_AUS,2,Elymus virginicus,0.207,0.24,8/16/2020,,,,,,,,,,,,,,,,,,,,
060_N_EpEv_AUS,1,Eutrochium fistulosum,,,,,,,,,,,,,,,,,,,,,,,
060_N_EpEv_AUS,2,Elymus virginicus,0.135,0.228,8/18/2020,,,,,,,,,,,,,,,,,,,,
061_X_CnCn_BRE,1,Chamaecrista nictitans,3.364,0.788,8/15/20,,,,,,,,,,,,,,,,,,,,
061_X_CnCn_BRE,2,Chamaecrista nictitans,0.442,0.104,8/15/2020,,,,,,,,,,,,,,,,,,,,
062_X_CnCn_BRE,1,Chamaecrista nictitans,0.986,0.204,8/17/20,,,,,,,,,,,,,,,,,,,,
062_X_CnCn_BRE,2,Chamaecrista nictitans,3.086,0.613,8/17/20,,,,,,,,,,,,,,,,,,,,
063_X_CnCn_BRE,1,Chamaecrista nictitans,0.732,0.087,8/16/20,,,,,,,,,,,,,,,,,,,,
063_X_CnCn_BRE,2,Chamaecrista nictitans,1.958,0.51,8/16/20,,,,,,,,,,,,,,,,,,,,
064_X_CnCn_BRE,1,Chamaecrista nictitans,2.459,0.424,08/16/2020,,,,,,,,,,,,,,,,,,,,
064_X_CnCn_BRE,2,Chamaecrista nictitans,1.809,0.547,8/16/20,,,,,,,,,,,,,,,,,,,,
065_X_CnCn_BRE,1,Chamaecrista nictitans,0.837,0.269,08/17/2020,,,,,,,,,,,,,,,,,,,,
065_X_CnCn_BRE,2,Chamaecrista nictitans,1.132,0.334,08/17/2020,,,,,,,,,,,,,,,,,,,,
066_X_EpEp_BRE,1,Eutrochium fistulosum,0.001,0.001,08/18/2020,,,,,,,,,,,,,,,,,,,,
066_X_EpEp_BRE,2,Eutrochium fistulosum,,,,dead,,,,,,,,,,,,,,,,,,,
067_X_EpEp_BRE,1,Eutrochium fistulosum,1.227,0.754,08/17/2020,,,,,,,,,,,,,,,,,,,,
067_X_EpEp_BRE,2,Eutrochium fistulosum,1.053,0.813,08/17/2020,,,,,,,,,,,,,,,,,,,,
068_X_EpEp_BRE,1,Eutrochium fistulosum,0.234,0.279,08/16/20,,,,,,,,,,,,,,,,,,,,
068_X_EpEp_BRE,2,Eutrochium fistulosum,0.098,0.383,08/16/20,,,,,,,,,,,,,,,,,,,,
069_X_EpEp_BRE,1,Eutrochium fistulosum,0.256,0.238,08/17/20,,,,,,,,,,,,,,,,,,,,
069_X_EpEp_BRE,2,Eutrochium fistulosum,0.243,0.312,08/18/2020,,,,,,,,,,,,,,,,,,,,
070_X_EpEp_BRE,1,Eutrochium fistulosum,,,,dead,,,,,,,,,,,,,,,,,,,
070_X_EpEp_BRE,2,Eutrochium fistulosum,0.548,0.689,08/17/20,,,,,,,,,,,,,,,,,,,,
071_X_EvEv_BRE,1,Elymus virginicus,0.299,0.445,08/15/20,,,,,,,,,,,,,,,,,,,,
071_X_EvEv_BRE,2,Elymus virginicus,0.17,0.238,08/15/2020,,,,,,,,,,,,,,,,,,,,
072_X_EvEv_BRE,1,Elymus virginicus,0.101,0.186,08/18/2020,,,,,,,,,,,,,,,,,,,,
072_X_EvEv_BRE,2,Elymus virginicus,0.251,0.365,08/18/2020,,,,,,,,,,,,,,,,,,,,
073_X_EvEv_BRE,1,Elymus virginicus,0.115,0.109,08/16/2020,,,,,,,,,,,,,,,,,,,,
073_X_EvEv_BRE,2,Elymus virginicus,0.251,0.254,08/16/2020,,,,,,,,,,,,,,,,,,,,
074_X_EvEv_BRE,1,Elymus virginicus,0.156,0.508,08/17/2020,,,,,,,,,,,,,,,,,,,,
074_X_EvEv_BRE,2,Elymus virginicus,0.186,0.301,08/17/2020,,,,,,,,,,,,,,,,,,,,
075_X_EvEv_BRE,1,Elymus virginicus,0.515,0.39,08/17/2020,,,,,,,,,,,,,,,,,,,,
075_X_EvEv_BRE,2,Elymus virginicus,0.319,0.597,08/17/2020,,,,,,,,,,,,,,,,,,,,
076_X_CnEp_BRE,1,Chamaecrista nictitans,1.716,0.34,08/28/2020,,,,,,,,,,,,,,,,,,,,
076_X_CnEp_BRE,2,Eutrochium fistulosum,0.384,0.568,8/18/2020,,,,,,,,,,,,,,,,,,,,
077_X_CnEp_BRE,1,Chamaecrista nictitans,0.508,0.124,8/18/2020,,,,,,,,,,,,,,,,,,,,
077_X_CnEp_BRE,2,Eutrochium fistulosum,0.703,1.065,08/18/2020,,,,,,,,,,,,,,,,,,,,
078_X_CnEp_BRE,1,Chamaecrista nictitans,0.653,0.43,08/16/2020,,,,,,,,,,,,,,,,,,,,
078_X_CnEp_BRE,2,Eutrochium fistulosum,0.583,0.528,08/16/2020,,,,,,,,,,,,,,,,,,,,
079_X_CnEp_BRE,1,Chamaecrista nictitans,0.139,0.037,08/18/2020,,,,,,,,,,,,,,,,,,,,
079_X_CnEp_BRE,2,Eutrochium fistulosum,0.068,1.48,,,,,,,,,,,,,,,,,,,,,
080_X_CnEp_BRE,1,Chamaecrista nictitans,4.557,0.74,8/18/2020,,,,,,,,,,,,,,,,,,,,
080_X_CnEp_BRE,2,Eutrochium fistulosum,,,,dead,,,,,,,,,,,,,,,,,,,
081_X_CnEv_BRE,1,Chamaecrista nictitans,1.295,0.262,8/15/2020,,,,,,,,,,,,,,,,,,,,
081_X_CnEv_BRE,2,Elymus virginicus,0.285,0.454,8/15/2020,,,,,,,,,,,,,,,,,,,,
082_X_CnEv_BRE,1,Chamaecrista nictitans,0.982,0.095,8/15/2020,,,,,,,,,,,,,,,,,,,,
082_X_CnEv_BRE,2,Elymus virginicus,0.116,0.143,8/15,,,,,,,,,,,,,,,,,,,,
083_X_CnEv_BRE,1,Chamaecrista nictitans,1.235,0.281,8/16/2020,,,,,,,,,,,,,,,,,,,,
083_X_CnEv_BRE,2,Elymus virginicus,0.317,0.676,8/16/2020,,,,,,,,,,,,,,,,,,,,
084_X_CnEv_BRE,1,Chamaecrista nictitans,1.203,0.211,08/17/2020,,,,,,,,,,,,,,,,,,,,
084_X_CnEv_BRE,2,Elymus virginicus,0.473,1.122,08/17/2020,,,,,,,,,,,,,,,,,,,,
085_X_CnEv_BRE,1,Chamaecrista nictitans,0.849,0.254,08/17/2020,,,,,,,,,,,,,,,,,,,,
085_X_CnEv_BRE,2,Elymus virginicus,0.466,0.792,08/17/2020,,,,,,,,,,,,,,,,,,,,
086_X_EpEv_BRE,1,Eutrochium fistulosum,,,,dead,,,,,,,,,,,,,,,,,,,
086_X_EpEv_BRE,2,Elymus virginicus,0.414,0.317,08/18/2020,,,,,,,,,,,,,,,,,,,,
087_X_EpEv_BRE,1,Eutrochium fistulosum,1.356,2.409,08/18/2020,,,,,,,,,,,,,,,,,,,,
087_X_EpEv_BRE,2,Elymus virginicus,0.179,0.351,08/18/2020,,,,,,,,,,,,,,,,,,,,
088_X_EpEv_BRE,1,Eutrochium fistulosum,,,,dead,,,,,,,,,,,,,,,,,,,
088_X_EpEv_BRE,2,Elymus virginicus,0.311,0.197,08/16/2020,,,,,,,,,,,,,,,,,,,,
089_X_EpEv_BRE,1,Eutrochium fistulosum,0.928,1.081,08/18/2020,,,,,,,,,,,,,,,,,,,,
089_X_EpEv_BRE,2,Elymus virginicus,0.683,1.018,###############################################################################################################################################################################################################################################################,,,,,,,,,,,,,,,,,,,,
090_X_EpEv_BRE,1,Eutrochium fistulosum,1.677,1.006,08/17/2020,,,,,,,,,,,,,,,,,,,,
090_X_EpEv_BRE,2,Elymus virginicus,0.446,0.448,08/17/2020,,,,,,,,,,,,,,,,,,,,
091_N_CnCn_BRE,1,Chamaecrista nictitans,0.433,0.074,08/15/2020,,,,,,,,,,,,,,,,,,,,
091_N_CnCn_BRE,2,Chamaecrista nictitans,0.613,0.105,08/15/2020,,,,,,,,,,,,,,,,,,,,
092_N_CnCn_BRE,1,Chamaecrista nictitans,0.275,0.135,08/15/2020,,,,,,,,,,,,,,,,,,,,
092_N_CnCn_BRE,2,Chamaecrista nictitans,0.336,0.096,08/15/2020,,,,,,,,,,,,,,,,,,,,
093_N_CnCn_BRE,1,Chamaecrista nictitans,1.4,0.212,08/16/2020,,,,,,,,,,,,,,,,,,,,
093_N_CnCn_BRE,2,Chamaecrista nictitans,3.65,0.82,08/16/2020,,,,,,,,,,,,,,,,,,,,
094_N_CnCn_BRE,1,Chamaecrista nictitans,1.281,0.226,08/16/20,,,,,,,,,,,,,,,,,,,,
094_N_CnCn_BRE,2,Chamaecrista nictitans,0.217,0.075,08/16/20,,,,,,,,,,,,,,,,,,,,
095_N_CnCn_BRE,1,Chamaecrista nictitans,1.069,0.0192,08/19/2020,,,,,,,,,,,,,,,,,,,,
095_N_CnCn_BRE,2,Chamaecrista nictitans,1.223,0.223,08/18/2020,,,,,,,,,,,,,,,,,,,,
096_N_EpEp_BRE,1,Eutrochium fistulosum,0.032,0.101,08/17/2020,,,,,,,,,,,,,,,,,,,,
096_N_EpEp_BRE,2,Eutrochium fistulosum,0.553,1.035,08/17/2020,,,,,,,,,,,,,,,,,,,,
097_N_EpEp_BRE,1,Eutrochium fistulosum,0.064,0.125,08/17/2020,,,,,,,,,,,,,,,,,,,,
097_N_EpEp_BRE,2,Eutrochium fistulosum,0.901,0.767,08/17/2020,,,,,,,,,,,,,,,,,,,,
098_N_EpEp_BRE,1,Eutrochium fistulosum,,,,,,,,,,,,,,,,,,,,,,,
098_N_EpEp_BRE,2,Eutrochium fistulosum,0.017,0.351,8/16/2020,,,,,,,,,,,,,,,,,,,,
099_N_EpEp_BRE,1,Eutrochium fistulosum,0.004,0.176,8/18/2020,,,,,,,,,,,,,,,,,,,,
099_N_EpEp_BRE,2,Eutrochium fistulosum,1.257,0.948,8/18/2020,,,,,,,,,,,,,,,,,,,,
100_N_EpEp_BRE,1,Eutrochium fistulosum,2.074,2.835,8/18/2020,,,,,,,,,,,,,,,,,,,,
100_N_EpEp_BRE,2,Eutrochium fistulosum,1.343,1.195,8/18/2020,,,,,,,,,,,,,,,,,,,,
101_N_EvEv_BRE,1,Elymus virginicus,0.234,0.239,8/18/2020,,,,,,,,,,,,,,,,,,,,
101_N_EvEv_BRE,2,Elymus virginicus,0.378,0.455,8/18/2020,,,,,,,,,,,,,,,,,,,,
102_N_EvEv_BRE,1,Elymus virginicus,0.196,0.253,8/17/2020,,,,,,,,,,,,,,,,,,,,
102_N_EvEv_BRE,2,Elymus virginicus,0.392,0.65,8/17/2020,,,,,,,,,,,,,,,,,,,,
103_N_EvEv_BRE,1,Elymus virginicus,0.221,0.423,8/16/2020,,,,,,,,,,,,,,,,,,,,
103_N_EvEv_BRE,2,Elymus virginicus,0.153,0.14,8/16/2020,,,,,,,,,,,,,,,,,,,,
104_N_EvEv_BRE,1,Elymus virginicus,0.212,0.272,8/17/2020,,,,,,,,,,,,,,,,,,,,
104_N_EvEv_BRE,2,Elymus virginicus,0.368,0.745,8/17/2020,,,,,,,,,,,,,,,,,,,,
105_N_EvEv_BRE,1,Elymus virginicus,0.34,0.633,8/17/2020,,,,,,,,,,,,,,,,,,,,
105_N_EvEv_BRE,2,Elymus virginicus,0.251,0.605,8/17/2020,,,,,,,,,,,,,,,,,,,,
106_N_CnEp_BRE,1,Chamaecrista nictitans,0.58,0.125,8/18/2020,,,,,,,,,,,,,,,,,,,,
106_N_CnEp_BRE,2,Eutrochium fistulosum,,,,dead,,,,,,,,,,,,,,,,,,,
107_N_CnEp_BRE,1,Chamaecrista nictitans,2.193,0.269,8/17/2020,,,,,,,,,,,,,,,,,,,,
107_N_CnEp_BRE,2,Eutrochium fistulosum,0.763,1.161,8/17/2020,,,,,,,,,,,,,,,,,,,,
108_N_CnEp_BRE,1,Chamaecrista nictitans,2.226,0.409,08/18/20,,,,,,,,,,,,,,,,,,,,
108_N_CnEp_BRE,2,Eutrochium fistulosum,1.583,3.279,8/16/2020,,,,,,,,,,,,,,,,,,,,
109_N_CnEp_BRE,1,Chamaecrista nictitans,1.237,0.235,8/18/2020,,,,,,,,,,,,,,,,,,,,
109_N_CnEp_BRE,2,Eutrochium fistulosum,0.436,0.704,8/18/2020,,,,,,,,,,,,,,,,,,,,
110_N_CnEp_BRE,1,Chamaecrista nictitans,0.769,0.226,8/18/2020,,,,,,,,,,,,,,,,,,,,
110_N_CnEp_BRE,2,Eutrochium fistulosum,0.333,1.221,8/18/2020,,,,,,,,,,,,,,,,,,,,
111_N_CnEv_BRE,1,Chamaecrista nictitans,0.813,0.102,8/15/2020,,,,,,,,,,,,,,,,,,,,
111_N_CnEv_BRE,2,Elymus virginicus,0.294,0.635,8/15/2020,,,,,,,,,,,,,,,,,,,,
112_N_CnEv_BRE,1,Chamaecrista nictitans,0.88,0.222,8/17/2020,,,,,,,,,,,,,,,,,,,,
112_N_CnEv_BRE,2,Elymus virginicus,0.345,0.41,8/17/2020,,,,,,,,,,,,,,,,,,,,
113_N_CnEv_BRE,1,Chamaecrista nictitans,0.148,0.338,8/16/2020,,,,,,,,,,,,,,,,,,,,
113_N_CnEv_BRE,2,Elymus virginicus,0.622,0.128,8/16/2020,,,,,,,,,,,,,,,,,,,,
114_N_CnEv_BRE,1,Chamaecrista nictitans,2.865,0.501,8/16/2020,,,,,,,,,,,,,,,,,,,,
114_N_CnEv_BRE,2,Elymus virginicus,0.446,0.418,8/16/2020,,,,,,,,,,,,,,,,,,,,
115_N_CnEv_BRE,1,Chamaecrista nictitans,1.19,0.297,8/17/2020,,,,,,,,,,,,,,,,,,,,
115_N_CnEv_BRE,2,Elymus virginicus,0.195,0.544,8/17/2020,,,,,,,,,,,,,,,,,,,,
116_N_EpEv_BRE,1,Eutrochium fistulosum,0.004,0.001,8/18/2020,,,,,,,,,,,,,,,,,,,,
116_N_EpEv_BRE,2,Elymus virginicus,0.24,0.212,8/18/2020,,,,,,,,,,,,,,,,,,,,
117_N_EpEv_BRE,1,Eutrochium fistulosum,0.821,2.262,8/18/2020,,,,,,,,,,,,,,,,,,,,
117_N_EpEv_BRE,2,Elymus virginicus,0.147,0.238,8/18/2020,,,,,,,,,,,,,,,,,,,,
118_N_EpEv_BRE,1,Eutrochium fistulosum,0.304,0.158,8/16/2020,,,,,,,,,,,,,,,,,,,,
118_N_EpEv_BRE,2,Elymus virginicus,0.252,0.133,8/18/2020,,,,,,,,,,,,,,,,,,,,
119_N_EpEv_BRE,1,Eutrochium fistulosum,3.425,2.225,8/18/2020,,,,,,,,,,,,,,,,,,,,
119_N_EpEv_BRE,2,Elymus virginicus,0.357,0.878,8/18/2020,,,,,,,,,,,,,,,,,,,,
120_N_EpEv_BRE,1,Eutrochium fistulosum,1.089,1.712,8/17/2020,,,,,,,,,,,,,,,,,,,,
120_N_EpEv_BRE,2,Elymus virginicus,0.346,1.159,8/17/20,,,,,,,,,,,,,,,,,,,,
121_X_CnCn_SMI,1,Chamaecrista nictitans,,,,dead,,,,,,,,,,,,,,,,,,,
121_X_CnCn_SMI,2,Chamaecrista nictitans,0.009,0.003,8/19/2020,no plant 1 - dead,,,,,,,,,,,,,,,,,,,
122_X_CnCn_SMI,1,Chamaecrista nictitans,,,,dead,,,,,,,,,,,,,,,,,,,
122_X_CnCn_SMI,2,Chamaecrista nictitans,0.086,0.017,8/20/2020,,,,,,,,,,,,,,,,,,,,
123_X_CnCn_SMI,1,Chamaecrista nictitans,0.105,0.056,8/16/2020,,,,,,,,,,,,,,,,,,,,
123_X_CnCn_SMI,2,Chamaecrista nictitans,0.194,0.089,8/16/2020,,,,,,,,,,,,,,,,,,,,
124_X_CnCn_SMI,1,Chamaecrista nictitans,0.034,0.014,8/18/2020,,,,,,,,,,,,,,,,,,,,
124_X_CnCn_SMI,2,Chamaecrista nictitans,,,,dead,,,,,,,,,,,,,,,,,,,
125_X_CnCn_SMI,1,Chamaecrista nictitans,,,,dead,,,,,,,,,,,,,,,,,,,
125_X_CnCn_SMI,2,Chamaecrista nictitans,,,,dead,,,,,,,,,,,,,,,,,,,
126_X_EpEp_SMI,1,Eutrochium fistulosum,,,,dead,,,,,,,,,,,,,,,,,,,
126_X_EpEp_SMI,2,Eutrochium fistulosum,0.418,0.274,8/19/2020,,,,,,,,,,,,,,,,,,,,
127_X_EpEp_SMI,1,Eutrochium fistulosum,0.037,0.221,8/20/2020,,,,,,,,,,,,,,,,,,,,
127_X_EpEp_SMI,2,Eutrochium fistulosum,,,,dead,,,,,,,,,,,,,,,,,,,
128_X_EpEp_SMI,1,Eutrochium fistulosum,0.308,0.291,8/15/2020,,,,,,,,,,,,,,,,,,,,
128_X_EpEp_SMI,2,Eutrochium fistulosum,0.404,0.432,8/15/2020,,,,,,,,,,,,,,,,,,,,
129_X_EpEp_SMI,1,Eutrochium fistulosum,,,,dead,,,,,,,,,,,,,,,,,,,
129_X_EpEp_SMI,2,Eutrochium fistulosum,0.465,0.371,8/18/2020,,,,,,,,,,,,,,,,,,,,
130_X_EpEp_SMI,1,Eutrochium fistulosum,0.376,0.779,8/18/2020,,,,,,,,,,,,,,,,,,,,
130_X_EpEp_SMI,2,Eutrochium fistulosum,1.024,0.638,8/18/2020,,,,,,,,,,,,,,,,,,,,
131_X_EvEv_SMI,1,Elymus virginicus,0.016,0.129,8/19/2020,,,,,,,,,,,,,,,,,,,,
131_X_EvEv_SMI,2,Elymus virginicus,0.025,0.198,8/19/2020,,,,,,,,,,,,,,,,,,,,
132_X_EvEv_SMI,1,Elymus virginicus,0.11,0.104,8/20/20,,,,,,,,,,,,,,,,,,,,
132_X_EvEv_SMI,2,Elymus virginicus,0.115,0.148,8/20/20,,,,,,,,,,,,,,,,,,,,
133_X_EvEv_SMI,1,Elymus virginicus,0.007,0.123,8/15/2020,,,,,,,,,,,,,,,,,,,,
133_X_EvEv_SMI,2,Elymus virginicus,0.075,0.158,8/15/2020,,,,,,,,,,,,,,,,,,,,
134_X_EvEv_SMI,1,Elymus virginicus,0.042,0.105,8/17/20,,,,,,,,,,,,,,,,,,,,
134_X_EvEv_SMI,2,Elymus virginicus,0.003,0.081,8/17/20,,,,,,,,,,,,,,,,,,,,
135_X_EvEv_SMI,1,Elymus virginicus,0.224,0.44,8/18/2020,,,,,,,,,,,,,,,,,,,,
135_X_EvEv_SMI,2,Elymus virginicus,0.01,0.072,8/18/2020,,,,,,,,,,,,,,,,,,,,
136_X_CnEp_SMI,1,Chamaecrista nictitans,0.008,0.001,8/19/2020,,,,,,,,,,,,,,,,,,,,
136_X_CnEp_SMI,2,Eutrochium fistulosum,0.609,0.421,8/19/2020,,,,,,,,,,,,,,,,,,,,
137_X_CnEp_SMI,1,Chamaecrista nictitans,,,,dead,,,,,,,,,,,,,,,,,,,
137_X_CnEp_SMI,2,Eutrochium fistulosum,0.279,0.188,8/17/2020,,,,,,,,,,,,,,,,,,,,
138_X_CnEp_SMI,1,Chamaecrista nictitans,0.077,0.079,8/15/2020,,,,,,,,,,,,,,,,,,,,
138_X_CnEp_SMI,2,Eutrochium fistulosum,0.021,0.022,8/15/2020,,,,,,,,,,,,,,,,,,,,
139_X_CnEp_SMI,1,Chamaecrista nictitans,0.014,0.015,8/18/2020,,,,,,,,,,,,,,,,,,,,
139_X_CnEp_SMI,2,Eutrochium fistulosum,0.091,0.046,8/18/2020,,,,,,,,,,,,,,,,,,,,
140_X_CnEp_SMI,1,Chamaecrista nictitans,0.549,0.088,8/19/20,,,,,,,,,,,,,,,,,,,,
140_X_CnEp_SMI,2,Eutrochium fistulosum,0.226,0.524,8/19/20,,,,,,,,,,,,,,,,,,,,
141_X_CnEv_SMI,1,Chamaecrista nictitans,0.08,,8/19/2020,,,,,,,,,,,,,,,,,,,,
141_X_CnEv_SMI,2,Elymus virginicus,0.045,0.127,8/19/2020,,,,,,,,,,,,,,,,,,,,
142_X_CnEv_SMI,1,Chamaecrista nictitans,0.059,0.041,8/20/2020,,,,,,,,,,,,,,,,,,,,
142_X_CnEv_SMI,2,Elymus virginicus,0.106,0.32,8/20/2020,,,,,,,,,,,,,,,,,,,,
143_X_CnEv_SMI,1,Chamaecrista nictitans,0.044,0.067,8/15/2020,,,,,,,,,,,,,,,,,,,,
143_X_CnEv_SMI,2,Elymus virginicus,0.047,0.147,8/15/2020,,,,,,,,,,,,,,,,,,,,
144_X_CnEv_SMI,1,Chamaecrista nictitans,,,,dead,,,,,,,,,,,,,,,,,,,
144_X_CnEv_SMI,2,Elymus virginicus,0.038,0.171,8/18/2020,,,,,,,,,,,,,,,,,,,,
145_X_CnEv_SMI,1,Chamaecrista nictitans,,,,dead,,,,,,,,,,,,,,,,,,,
145_X_CnEv_SMI,2,Elymus virginicus,0.016,0.164,8/18/2020,,,,,,,,,,,,,,,,,,,,
146_X_EpEv_SMI,1,Eutrochium fistulosum,0.349,0.33,8/19/2020,,,,,,,,,,,,,,,,,,,,
146_X_EpEv_SMI,2,Elymus virginicus,0.067,0.106,8/19/2020,,,,,,,,,,,,,,,,,,,,
147_X_EpEv_SMI,1,Eutrochium fistulosum,0.391,0.261,8/20/2020,,,,,,,,,,,,,,,,,,,,
148_X_EpEv_SMI,1,Eutrochium fistulosum,0.566,0.286,8/16/20,,,,,,,,,,,,,,,,,,,,
148_X_EpEv_SMI,2,Elymus virginicus,0.055,0.046,8/16/20,,,,,,,,,,,,,,,,,,,,
149_X_EpEv_SMI,1,Eutrochium fistulosum,0.624,0.576,8/18/2020,,,,,,,,,,,,,,,,,,,,
149_X_EpEv_SMI,2,Elymus virginicus,0.383,0.317,08/18/2020,,,,,,,,,,,,,,,,,,,,
150_X_EpEv_SMI,1,Eutrochium fistulosum,0.139,0.598,8/18/2020,,,,,,,,,,,,,,,,,,,,
150_X_EpEv_SMI,2,Elymus virginicus,0.216,0.177,8/18/20,,,,,,,,,,,,,,,,,,,,
151_N_CnCn_SMI,1,Chamaecrista nictitans,,,,dead,,,,,,,,,,,,,,,,,,,
151_N_CnCn_SMI,2,Chamaecrista nictitans,,,,dead,,,,,,,,,,,,,,,,,,,
152_N_CnCn_SMI,1,Chamaecrista nictitans,0.126,0.058,8/20/20,,,,,,,,,,,,,,,,,,,,
152_N_CnCn_SMI,2,Chamaecrista nictitans,0.179,0.015,8/20/2020,,,,,,,,,,,,,,,,,,,,
153_N_CnCn_SMI,1,Chamaecrista nictitans,0.025,0.042,8/16/2020,,,,,,,,,,,,,,,,,,,,
153_N_CnCn_SMI,2,Chamaecrista nictitans,0.01,0.013,8/16/2020,,,,,,,,,,,,,,,,,,,,
154_N_CnCn_SMI,1,Chamaecrista nictitans,0.071,0.071,8/16/20,,,,,,,,,,,,,,,,,,,,
154_N_CnCn_SMI,2,Chamaecrista nictitans,0.13,0.051,8/16/20,,,,,,,,,,,,,,,,,,,,
155_N_CnCn_SMI,1,Chamaecrista nictitans,0.091,0.032,8/18/2020,,,,,,,,,,,,,,,,,,,,
155_N_CnCn_SMI,2,Chamaecrista nictitans,0.108,0.082,8/18/2020,,,,,,,,,,,,,,,,,,,,
156_N_EpEp_SMI,1,Eutrochium fistulosum,0.011,0.126,8/19/20,,,,,,,,,,,,,,,,,,,,
156_N_EpEp_SMI,2,Eutrochium fistulosum,0.343,0.538,8/19/20,,,,,,,,,,,,,,,,,,,,
157_N_EpEp_SMI,1,Eutrochium fistulosum,0.382,0.476,8/20/2020,no plant 2 - dead,,,,,,,,,,,,,,,,,,,
157_N_EpEp_SMI,2,Eutrochium fistulosum,,,,dead,,,,,,,,,,,,,,,,,,,
158_N_EpEp_SMI,1,Eutrochium fistulosum,0.602,0.65,8/15/2020,,,,,,,,,,,,,,,,,,,,
158_N_EpEp_SMI,2,Eutrochium fistulosum,0.255,0.588,8/15/2020,,,,,,,,,,,,,,,,,,,,
159_N_EpEp_SMI,1,Eutrochium fistulosum,0.367,0.315,8/18/2020,,,,,,,,,,,,,,,,,,,,
159_N_EpEp_SMI,2,Eutrochium fistulosum,0.48,0.216,8/18/2020,,,,,,,,,,,,,,,,,,,,
160_N_EpEp_SMI,1,Eutrochium fistulosum,0.162,0.191,8/18/20,,,,,,,,,,,,,,,,,,,,
160_N_EpEp_SMI,2,Eutrochium fistulosum,1.4,3.997,8/18/20,,,,,,,,,,,,,,,,,,,,
161_N_EvEv_SMI,1,Elymus virginicus,0.099,0.157,08/19/2020,,,,,,,,,,,,,,,,,,,,
161_N_EvEv_SMI,2,Elymus virginicus,0.341,0.248,08/19/2020,,,,,,,,,,,,,,,,,,,,
162_N_EvEv_SMI,1,Elymus virginicus,0.132,0.127,8/19/20,,,,,,,,,,,,,,,,,,,,
162_N_EvEv_SMI,2,Elymus virginicus,0.205,0.186,8/19/20,,,,,,,,,,,,,,,,,,,,
163_N_EvEv_SMI,1,Elymus virginicus,0.048,0.151,8/16/2020,,,,,,,,,,,,,,,,,,,,
163_N_EvEv_SMI,2,Elymus virginicus,0.051,0.093,8/16/2020,,,,,,,,,,,,,,,,,,,,
164_N_EvEv_SMI,1,Elymus virginicus,0.014,0.114,8/17/2020,,,,,,,,,,,,,,,,,,,,
164_N_EvEv_SMI,2,Elymus virginicus,0.03,0.209,8/17/2020,,,,,,,,,,,,,,,,,,,,
165_N_EvEv_SMI,1,Elymus virginicus,0.007,0.044,8/18/2020,,,,,,,,,,,,,,,,,,,,
165_N_EvEv_SMI,2,Elymus virginicus,,,,dead,,,,,,,,,,,,,,,,,,,
166_N_CnEp_SMI,1,Chamaecrista nictitans,,,,dead,,,,,,,,,,,,,,,,,,,
166_N_CnEp_SMI,2,Eutrochium fistulosum,,,,dead,,,,,,,,,,,,,,,,,,,
167_N_CnEp_SMI,1,Chamaecrista nictitans,,,,dead,,,,,,,,,,,,,,,,,,,
167_N_CnEp_SMI,2,Eutrochium fistulosum,0.986,0.834,8/20/2020,,,,,,,,,,,,,,,,,,,,
168_N_CnEp_SMI,1,Chamaecrista nictitans,,,,dead,,,,,,,,,,,,,,,,,,,
168_N_CnEp_SMI,2,Eutrochium fistulosum,0.642,0.4,8/16/2020,,,,,,,,,,,,,,,,,,,,
169_N_CnEp_SMI,1,Chamaecrista nictitans,0.465,0.118,8/17/2020,,,,,,,,,,,,,,,,,,,,
169_N_CnEp_SMI,2,Eutrochium fistulosum,0.516,0.45,8/17/2020,,,,,,,,,,,,,,,,,,,,
170_N_CnEp_SMI,1,Chamaecrista nictitans,0.08,0.01,8/19/20,,,,,,,,,,,,,,,,,,,,
170_N_CnEp_SMI,2,Eutrochium fistulosum,0.002,0.053,8/19/20,,,,,,,,,,,,,,,,,,,,
171_N_CnEv_SMI,1,Chamaecrista nictitans,0.065,0.049,8/19/2020,,,,,,,,,,,,,,,,,,,,
171_N_CnEv_SMI,2,Elymus virginicus,0.066,0.074,8/19/2020,,,,,,,,,,,,,,,,,,,,
172_N_CnEv_SMI,1,Chamaecrista nictitans,0.647,0.132,08/20/2020,,,,,,,,,,,,,,,,,,,,
172_N_CnEv_SMI,2,Elymus virginicus,0.121,0.179,8/20/2020,,,,,,,,,,,,,,,,,,,,
173_N_CnEv_SMI,1,Chamaecrista nictitans,0,0.006,8/16/2020,,,,,,,,,,,,,,,,,,,,
173_N_CnEv_SMI,2,Elymus virginicus,0.173,0.271,8/16/2020,,,,,,,,,,,,,,,,,,,,
174_N_CnEv_SMI,1,Chamaecrista nictitans,,,,dead,,,,,,,,,,,,,,,,,,,
174_N_CnEv_SMI,2,Elymus virginicus,0.038,0.25,8/18/2020,,,,,,,,,,,,,,,,,,,,
175_N_CnEv_SMI,1,Chamaecrista nictitans,,,,dead,,,,,,,,,,,,,,,,,,,
175_N_CnEv_SMI,2,Elymus virginicus,0.047,0.047,8/18/2020,,,,,,,,,,,,,,,,,,,,
176_N_EpEv_SMI,1,Eutrochium fistulosum,1.012,1.161,8/19/2020,,,,,,,,,,,,,,,,,,,,
176_N_EpEv_SMI,2,Elymus virginicus,0.113,0.155,8/19/2020,,,,,,,,,,,,,,,,,,,,
177_N_EpEv_SMI,1,Eutrochium fistulosum,1.523,1.186,8/20/2020,,,,,,,,,,,,,,,,,,,,
177_N_EpEv_SMI,2,Elymus virginicus,0.263,0.328,8/20/2020,,,,,,,,,,,,,,,,,,,,
178_N_EpEv_SMI,1,Eutrochium fistulosum,0.423,0.327,8/15/2020,,,,,,,,,,,,,,,,,,,,
178_N_EpEv_SMI,2,Elymus virginicus,0.093,0.164,8/15/2020,,,,,,,,,,,,,,,,,,,,
179_N_EpEv_SMI,1,Eutrochium fistulosum,0.364,0.17,8/18/2020,,,,,,,,,,,,,,,,,,,,
179_N_EpEv_SMI,2,Elymus virginicus,0.285,0.555,08/18/2020,,,,,,,,,,,,,,,,,,,,
180_N_EpEv_SMI,1,Eutrochium fistulosum,0.335,0.282,8/18/2020,,,,,,,,,,,,,,,,,,,,
180_N_EpEv_SMI,2,Elymus virginicus,0.514,0.213,8/18/2020,,,,,,,,,,,,,,,,,,,,
147_X_EpEv_SMI,2,Elymus virginicus,0.062,0.048,8/20/20,,,,,,,,,,,,,,,,,,,,
